<?xml version="1.0" encoding="UTF-8"?>
<manifest xmlns="http://rageproject.eu/2015/manifest/"
 xmlns:xsi="http://www.w3.org/2001/XMLSchema-instance"
 xsi:schemaLocation="http://rageproject.eu/2015/manifest/ file:manifest.xsd">
    <asset name="Empty RAGE Asset" version="0.1"/>
    <metadata>
        <schema>http://rageproject.eu/2015/asset/</schema>
        <schemalocation>http://rageproject.eu/2015/asset/DefaultProfile.xsd</schemalocation>
        <file>metadata.xml</file>
    </metadata>
</manifest>
