<?xml version="1.0" encoding="UTF-8"?><rage:Asset xmlns:rage="http://rageproject.eu/2015/asset/" xmlns:adms="http://www.w3.org/ns/adms#" xmlns:dcat="http://www.w3.org/ns/dcat#" xmlns:dcterms="http://purl.org/dc/terms/" xmlns:foaf="http://xmlns.com/foaf/0.1/" xmlns:rdf="http://www.w3.org/1999/02/22-rdf-syntax-ns#" xmlns:rdfs="http://www.w3.org/2000/01/rdf-schema#" xmlns:xsi="http://www.w3.org/2001/XMLSchema-instance" xsi:schemaLocation="http://rageproject.eu/2015/asset/ file:DefaultProfile.xsd">
   <dcterms:title xml:lang="en">Adaptation and Assessment (TwoA) asset</dcterms:title>
   <dcterms:description xml:lang="en">Real-time automatic assessment of and adaptation of game difficulty to player expertise.</dcterms:description>
   <dcterms:type rdf:resource="http://rageproject.eu/taxonomy/asset-type#rage-asset"/>
   <dcterms:date>2017-05-10</dcterms:date>
   <dcterms:language xml:lang="en">English</dcterms:language>
   <dcterms:creator>
      <foaf:Person>
         <foaf:name xml:lang="en">Enkhbold Nyamsuren</foaf:name>
         <foaf:mbox rdf:resource="mailto:Enkhbold.Nyamsuren@ou.nl"/>
         <foaf:homepage rdf:resource="http://bcogs.net/"/>
      </foaf:Person>
   </dcterms:creator>
   <dcterms:publisher>
      <foaf:Organizaton>
         <foaf:name xml:lang="en">Rage project</foaf:name>
         <foaf:homepage rdf:resource="http://rageproject.eu/"/>
      </foaf:Organizaton>
   </dcterms:publisher>
   <rage:owner>
      <foaf:Person>
         <foaf:name xml:lang="en">Enkhbold Nyamsuren</foaf:name>
         <foaf:mbox rdf:resource="mailto:Enkhbold.Nyamsuren@ou.nl"/>
         <foaf:homepage rdf:resource="http://bcogs.net/"/>
      </foaf:Person>
   </rage:owner>
   <dcat:keyword xml:lang="en">difficulty adaptation</dcat:keyword>
   <dcat:keyword xml:lang="en">assessment</dcat:keyword>
   <dcat:keyword xml:lang="en">real-time</dcat:keyword>
   <dcat:keyword xml:lang="en">automatic</dcat:keyword>
   <rage:versionInfo>1.2</rage:versionInfo>
   <adms:versionNotes xml:lang="en">Third iteration. Summary of most important changes from the previous version of the TwoA asset:
- Added a second adaptation module that requires only player accuracy. Accuracy can be any value between 0 and 1.
- Remove dependency on external files. Now it is assumed that the game developer will add scenario and game data programatically instead of storing them in an xml file.
- Extended API for greater flexibitility of managing player and scenario data.
- Added methods to request recommended difficulty rating instead of scenario.
- Added a parameter (K factor) for scaling changes in ratings in reassessment methods.</adms:versionNotes>
   <adms:status rdf:resource="http://purl.org/adms/status/UnderDevelopment"/>
   <rage:maturityLevel>1</rage:maturityLevel>
   <dcat:accessURL rdf:resource="https://github.com/rageappliedgame/HatAsset"/>
   <rage:CustomMetadata>
      <rage:name>%25sys%25metadata version</rage:name>
      <rage:value>5</rage:value>
   </rage:CustomMetadata>
   <rage:CustomMetadata>
      <rage:name>%25sys%25detailed description</rage:name>
      <rage:value>This asset enables a real-time automatic adaptation of game difficulty to player's expertise level. The asset implements a variation of the Computer Adaptive Practice algorithm used in Math Garden, a web-based learning environment for school children. The TwoA asset provides a portable and highly interoperable implementation of the publicly available version of the algorithm. It also introduces several improvements to the algorithm to meet specific needs of serious games.
The adaptation algorithm makes use of a stealth assessment algorithm that assigns difficulty ratings and expertise ratings to the players and the game modules respectively. The asset tracks changes in these ratings allowing assessment of players' learning progress either by players themselves or by instructors. This assessment process is non-intrusive and does not negatively affect player’s engagement with the game. Having a player with a known skill rating, the TwoA asset can recommend a game module with a difficulty level comfortable to the player. Such adaptation provides a nice balance between player’s motivation and game challenge. 
The asset is lightweight with minimal requirements for integrating with a game and minimal impact on the game’s performance. The asset is also agnostic to the game content requiring only basic performance metrics with no need for explicit domain knowledge. There are two main components: (1) a core adaptation component to be integrated with a game and (2) an exemplar standalone data visualization/analysis component. Manuals on using both components are available within the packages.</rage:value>
   </rage:CustomMetadata>
   <rage:CustomMetadata>
      <rage:name>%25sys%25promotional description</rage:name>
      <rage:value>This asset enables a real-time automatic adaptation of game difficulty to player's expertise level. The adaptation algorithm makes use of a stealth assessment algorithm that assigns difficulty ratings and expertise ratings to the players and the game modules respectively. The asset tracks changes in these ratings allowing assessment of players' learning progress either by players themselves or by instructors.</rage:value>
   </rage:CustomMetadata>
   <rage:CustomMetadata>
      <rage:name>%25sys%25technical description</rage:name>
      <rage:value>This assessment process is non-intrusive and does not negatively affect player’s engagement with the game. Having a player with a known skill rating, the TwoA asset can recommend a game module with a difficulty level comfortable to the player. Such adaptation provides a nice balance between player’s motivation and game challenge. The asset is lightweight with minimal requirements for integrating with a game and minimal impact on the game’s performance. The asset is also agnostic to the game content requiring only basic performance metrics with no need for explicit domain knowledge. There are two main components: (1) a core adaptation component to be integrated with a game and (2) an exemplar standalone data visualization/analysis component. Manuals on using both components are available within the packages.</rage:value>
   </rage:CustomMetadata>
   <rage:CustomMetadata>
      <rage:name>%25sys%25commit uri</rage:name>
      <rage:value>https://github.com/rageappliedgame/HatAsset</rage:value>
   </rage:CustomMetadata>
   <rage:CustomMetadata>
      <rage:name>%25sys%25asset completeness</rage:name>
      <rage:value>100%25</rage:value>
   </rage:CustomMetadata>
   <rage:CustomMetadata>
      <rage:name>%25sys%25coding style</rage:name>
      <rage:value>1</rage:value>
   </rage:CustomMetadata>
   <rage:CustomMetadata>
      <rage:name>%25sys%25architectural conformance</rage:name>
      <rage:value>3</rage:value>
   </rage:CustomMetadata>
   <rage:CustomMetadata>
      <rage:name>%25sys%25software testing</rage:name>
      <rage:value>01111</rage:value>
   </rage:CustomMetadata>
   <rage:CustomMetadata>
      <rage:name>%25sys%25self declaration</rage:name>
      <rage:value>11</rage:value>
   </rage:CustomMetadata>
   <rage:CustomMetadata>
      <rage:name>%25sys%25asset quality</rage:name>
      <rage:value>80%25</rage:value>
   </rage:CustomMetadata>
   <rage:Classification>
      <dcterms:description xml:lang="en">RAW says: Exceptio probat regulam</dcterms:description>
      <rage:Context name="taxonomy-lego">
         <dcat:themeTaxonomy rdf:resource="http://rageproject.eu/taxonomy/learnng-goals#learnng-goals"/>
         <dcat:theme rdf:resource="http://rageproject.eu/taxonomy/learnng-goals#persnl-skills"/>
      </rage:Context>
      <rage:Context name="taxonomy-acac">
         <dcat:themeTaxonomy rdf:resource="http://rageproject.eu/taxonomy/acm-ccs-applied#acm-ccs-applied"/>
         <dcat:theme rdf:resource="http://rageproject.eu/taxonomy/acm-ccs-applied#comptr-games"/>
         <dcat:theme rdf:resource="http://rageproject.eu/taxonomy/acm-ccs-applied#comptr-assisted-instructn"/>
         <dcat:theme rdf:resource="http://rageproject.eu/taxonomy/acm-ccs-applied#e-learnng"/>
         <dcat:theme rdf:resource="http://rageproject.eu/taxonomy/acm-ccs-applied#interctv-learnng-envirnmnts"/>
      </rage:Context>
      <rage:Context name="14shop-input">
         <dcat:themeTaxonomy rdf:resource="http://rage.deploy2.ftk.de/taxonomy/SHOP#59bfe60d4f26c"/>
         <dcat:theme rdf:resource="http://rage.deploy2.ftk.de/taxonomy/SHOP#59bfe6d3c36d1"/>
      </rage:Context>
   </rage:Classification>
   <rage:Solution>
      <rage:Requirements>
         <rage:Artefact name="newLogo3.png">
            <rage:reference>_rage_logo_/newLogo3.png</rage:reference>
            <dcterms:title xml:lang="en">newLogo3.png</dcterms:title>
            <dcat:accessURL rdf:resource="https://rage.it.fmi.uni-sofia.bg:9000/assets/fa5ee909-38ec-4015-86b1-e28db7ec84ee/files/4d7999df-5ae9-4223-9822-853e4d58329f"/>
         </rage:Artefact>
      </rage:Requirements>
      <rage:Design>
         <rage:Artefact name="https://github.com/rageappliedgame/HatAsset/tree/1.2-noXML/manual">
            <dcat:accessURL rdf:resource="https://github.com/rageappliedgame/HatAsset/tree/1.2-noXML/manual"/>
         </rage:Artefact>
         <rage:Artefact name="https://rage.ou.nl/filedepot?fid%253D501">
            <dcat:accessURL rdf:resource="https://rage.ou.nl/filedepot?fid%253D501"/>
         </rage:Artefact>
         <rage:Artefact name="https://rage.ou.nl/filedepot?fid%253D502">
            <dcat:accessURL rdf:resource="https://rage.ou.nl/filedepot?fid%253D502"/>
         </rage:Artefact>
         <rage:Artefact name="https://rage.ou.nl/filedepot?fid%253D503">
            <dcat:accessURL rdf:resource="https://rage.ou.nl/filedepot?fid%253D503"/>
         </rage:Artefact>
         <rage:Artefact name="https://www.youtube.com/watch?v%3Ds-hU5AUEbsY">
            <dcat:accessURL rdf:resource="https://www.youtube.com/watch?v%3Ds-hU5AUEbsY"/>
         </rage:Artefact>
      </rage:Design>
      <rage:Implementation>
         <rage:gameEngine rdf:resource="http://rageproject.eu/taxonomy/game-engine#unity"/>
         <rage:gamePlatform rdf:resource="http://rageproject.eu/taxonomy/game-platfrm#windows"/>
         <rage:progLanguage rdf:resource="http://rageproject.eu/taxonomy/progrmmng-langg#c"/>
         <rage:Artefact name="https://github.com/rageappliedgame/HatAsset">
            <dcat:accessURL rdf:resource="https://github.com/rageappliedgame/HatAsset"/>
         </rage:Artefact>
      </rage:Implementation>
      <rage:Tests>
         <rage:Artefact name="https://github.com/rageappliedgame/HatAsset/tree/1.2-noXML/TestApp">
            <dcat:accessURL rdf:resource="https://github.com/rageappliedgame/HatAsset/tree/1.2-noXML/TestApp"/>
         </rage:Artefact>
      </rage:Tests>
   </rage:Solution>
   <rage:Usage>
      <rage:Artefact name="https://github.com/rageappliedgame/HatAsset/tree/1.2-noXML/manual">
         <dcat:accessURL rdf:resource="https://github.com/rageappliedgame/HatAsset/tree/1.2-noXML/manual"/>
      </rage:Artefact>
      <rage:Artefact name="https://www.youtube.com/watch?v%3Ds-hU5AUEbsY">
         <rage:reference>_rage_youtube_</rage:reference>
         <dcat:accessURL rdf:resource="https://www.youtube.com/watch?v%3Ds-hU5AUEbsY"/>
      </rage:Artefact>
      <rage:Artefact name="https://www.youtube.com/watch?v%3D-FSctG_q8Rk">
         <rage:reference>_rage_youtube_</rage:reference>
         <dcat:accessURL rdf:resource="https://www.youtube.com/watch?v%3D-FSctG_q8Rk"/>
      </rage:Artefact>
   </rage:Usage>
   <rage:License>
      <dcterms:description xml:lang="en">MEW%N/A?WEM</dcterms:description>
      <dcterms:type rdf:resource="http://rageproject.eu/taxonomy/licns-type#apache-2-0"/>
      <dcat:accessURL rdf:resource="https://opensource.org/licenses/Apache-2.0"/>
   </rage:License>
</rage:Asset>
